launch	at	ms	preloadMs	mods	key	assessment
1	2026-09-28T02:21:27Z	17577	null	7	-	too few comparable launches (0 of 5)
2	2026-09-28T02:22:33Z	12372	null	7	-	too few comparable launches (1 of 5)
3	2026-09-28T02:23:42Z	11240	null	7	-	too few comparable launches (2 of 5)
4	2026-09-28T02:24:36Z	9449	null	7	-	too few comparable launches (3 of 5)
5	2026-09-28T02:25:53Z	10555	null	7	-	too few comparable launches (4 of 5)
6	2026-09-28T02:27:08Z	11677	null	7	-	IN_LINE: +3.9 % vs the median 11.2 s of 5 comparable launches (floor 29.9 %)
7	2026-09-28T02:28:12Z	9523	null	7	-	IN_LINE: -16.9 % vs the median 11.5 s of 6 comparable launches (floor 23.5 %)
8	2026-09-28T02:29:27Z	10761	null	7	-	IN_LINE: -4.3 % vs the median 11.2 s of 7 comparable launches (floor 29.9 %)
9	2026-09-28T02:30:53Z	14791	null	46	startup.regression.2026-09-28T02:30:53Z	SLOWER: +34.5 % vs the median 11.0 s of 8 comparable launches (floor 27.6 %); cause: MOD_COUNT	Launch time 34% higher than usual (14.8 s vs your usual ~11.0 s) / May be related to your mod set changing (7 ? 46 mods) since your last launch
10	2026-09-28T02:32:05Z	14354	null	46	-	IN_LINE: +27.7 % vs the median 11.2 s of 9 comparable launches (floor 29.9 %)
11	2026-09-28T02:33:07Z	14225	null	46	-	IN_LINE: +24.1 % vs the median 11.5 s of 10 comparable launches (floor 36.9 %)
